"Country.Name","Country.Code","Series.Name","Series.Code","X2013..YR2013.","X2014..YR2014.","X2015..YR2015."
"Lebanon","LBN","PISA: Mean performance on the science scale. Female","LO.PISA.SCI.FE","..","..","385.546496291043"
"Lebanon","LBN","PISA: Mean performance on the science scale. Male","LO.PISA.SCI.MA","..","..","387.565806821756"
"Lesotho","LSO","PISA: Mean performance on the mathematics scale","LO.PISA.MAT","..","..",".."
"Lesotho","LSO","PISA: Mean performance on the mathematics scale. Female","LO.PISA.MAT.FE","..","..",".."
"Lesotho","LSO","PISA: Mean performance on the mathematics scale. Male","LO.PISA.MAT.MA","..","..",".."
"Lesotho","LSO","PISA: Mean performance on the reading scale","LO.PISA.REA","..","..",".."
"Lesotho","LSO","PISA: Mean performance on the reading scale. Female","LO.PISA.REA.FE","..","..",".."
"Lesotho","LSO","PISA: Mean performance on the reading scale. Male","LO.PISA.REA.MA","..","..",".."
"Lesotho","LSO","PISA: Mean performance on the science scale","LO.PISA.SCI","..","..",".."
"Lesotho","LSO","PISA: Mean performance on the science scale. Female","LO.PISA.SCI.FE","..","..",".."
"Lesotho","LSO","PISA: Mean performance on the science scale. Male","LO.PISA.SCI.MA","..","..",".."
"Liechtenstein","LIE","PISA: Mean performance on the mathematics scale","LO.PISA.MAT","..","..",".."
"Liechtenstein","LIE","PISA: Mean performance on the mathematics scale. Female","LO.PISA.MAT.FE","..","..",".."
"Liechtenstein","LIE","PISA: Mean performance on the mathematics scale. Male","LO.PISA.MAT.MA","..","..",".."
"Liechtenstein","LIE","PISA: Mean performance on the reading scale","LO.PISA.REA","..","..",".."
"Liechtenstein","LIE","PISA: Mean performance on the reading scale. Female","LO.PISA.REA.FE","..","..",".."
"Liechtenstein","LIE","PISA: Mean performance on the reading scale. Male","LO.PISA.REA.MA","..","..",".."
"Liechtenstein","LIE","PISA: Mean performance on the science scale","LO.PISA.SCI","..","..",".."
"Liechtenstein","LIE","PISA: Mean performance on the science scale. Female","LO.PISA.SCI.FE","..","..",".."
"Liechtenstein","LIE","PISA: Mean performance on the science scale. Male","LO.PISA.SCI.MA","..","..",".."
"Lithuania","LTU","PISA: Mean performance on the mathematics scale","LO.PISA.MAT","..","..","478.3834"
"Lithuania","LTU","PISA: Mean performance on the mathematics scale. Female","LO.PISA.MAT.FE","..","..","479.017777480741"
"Lithuania","LTU","PISA: Mean performance on the mathematics scale. Male","LO.PISA.MAT.MA","..","..","477.767727686039"
"Lithuania","LTU","PISA: Mean performance on the reading scale","LO.PISA.REA","..","..","472.4066"
"Lithuania","LTU","PISA: Mean performance on the reading scale. Female","LO.PISA.REA.FE","..","..","492.242317756274"
"Lithuania","LTU","PISA: Mean performance on the reading scale. Male","LO.PISA.REA.MA","..","..","453.156664309455"
"Lithuania","LTU","PISA: Mean performance on the science scale","LO.PISA.SCI","..","..","475.4089"
"Lithuania","LTU","PISA: Mean performance on the science scale. Female","LO.PISA.SCI.FE","..","..","479.161820139984"
"Lithuania","LTU","PISA: Mean performance on the science scale. Male","LO.PISA.SCI.MA","..","..","471.766922993097"
"Luxembourg","LUX","PISA: Mean performance on the mathematics scale","LO.PISA.MAT","..","..","485.7706"
"Luxembourg","LUX","PISA: Mean performance on the mathematics scale. Female","LO.PISA.MAT.FE","..","..","480.136004296382"
"Luxembourg","LUX","PISA: Mean performance on the mathematics scale. Male","LO.PISA.MAT.MA","..","..","491.483067224713"
"Luxembourg","LUX","PISA: Mean performance on the reading scale","LO.PISA.REA","..","..","481.4391"
"Luxembourg","LUX","PISA: Mean performance on the reading scale. Female","LO.PISA.REA.FE","..","..","492.034800020901"
"Luxembourg","LUX","PISA: Mean performance on the reading scale. Male","LO.PISA.REA.MA","..","..","470.697006926094"
"Luxembourg","LUX","PISA: Mean performance on the science scale","LO.PISA.SCI","..","..","482.8064"
"Luxembourg","LUX","PISA: Mean performance on the science scale. Female","LO.PISA.SCI.FE","..","..","479.013082367141"
"Luxembourg","LUX","PISA: Mean performance on the science scale. Male","LO.PISA.SCI.MA","..","..","486.652061127815"
"Macao SAR, China","MAC","PISA: Mean performance on the mathematics scale","LO.PISA.MAT","..","..","543.8078"
"Macao SAR, China","MAC","PISA: Mean performance on the mathematics scale. Female","LO.PISA.MAT.FE","..","..","547.922678990065"
"Macao SAR, China","MAC","PISA: Mean performance on the mathematics scale. Male","LO.PISA.MAT.MA","..","..","539.723838133062"
"Macao SAR, China","MAC","PISA: Mean performance on the reading scale","LO.PISA.REA","..","..","508.6905"
"Macao SAR, China","MAC","PISA: Mean performance on the reading scale. Female","LO.PISA.REA.FE","..","..","524.538927488611"
"Macao SAR, China","MAC","PISA: Mean performance on the reading scale. Male","LO.PISA.REA.MA","..","..","492.96136830665"
"Macao SAR, China","MAC","PISA: Mean performance on the science scale","LO.PISA.SCI","..","..","528.5496"
"Macao SAR, China","MAC","PISA: Mean performance on the science scale. Female","LO.PISA.SCI.FE","..","..","532.41566547698"
"Macao SAR, China","MAC","PISA: Mean performance on the science scale. Male","LO.PISA.SCI.MA","..","..","524.712632859568"
"Macedonia, FYR","MKD","PISA: Mean performance on the mathematics scale","LO.PISA.MAT","..","..","371.3114"
"Macedonia, FYR","MKD","PISA: Mean performance on the mathematics scale. Female","LO.PISA.MAT.FE","..","..","374.739739031707"
"Macedonia, FYR","MKD","PISA: Mean performance on the mathematics scale. Male","LO.PISA.MAT.MA","..","..","368.23735725376"
"Macedonia, FYR","MKD","PISA: Mean performance on the reading scale","LO.PISA.REA","..","..","351.7415"
"Macedonia, FYR","MKD","PISA: Mean performance on the reading scale. Female","LO.PISA.REA.FE","..","..","375.837958867654"
"Macedonia, FYR","MKD","PISA: Mean performance on the reading scale. Male","LO.PISA.REA.MA","..","..","330.135022649236"
"Macedonia, FYR","MKD","PISA: Mean performance on the science scale","LO.PISA.SCI","..","..","383.6824"
"Macedonia, FYR","MKD","PISA: Mean performance on the science scale. Female","LO.PISA.SCI.FE","..","..","394.402735795027"
"Macedonia, FYR","MKD","PISA: Mean performance on the science scale. Male","LO.PISA.SCI.MA","..","..","374.069768192423"
"Madagascar","MDG","PISA: Mean performance on the mathematics scale","LO.PISA.MAT","..","..",".."
"Madagascar","MDG","PISA: Mean performance on the mathematics scale. Female","LO.PISA.MAT.FE","..","..",".."
"Madagascar","MDG","PISA: Mean performance on the mathematics scale. Male","LO.PISA.MAT.MA","..","..",".."
"Madagascar","MDG","PISA: Mean performance on the reading scale","LO.PISA.REA","..","..",".."
"Madagascar","MDG","PISA: Mean performance on the reading scale. Female","LO.PISA.REA.FE","..","..",".."
"Madagascar","MDG","PISA: Mean performance on the reading scale. Male","LO.PISA.REA.MA","..","..",".."
"Madagascar","MDG","PISA: Mean performance on the science scale","LO.PISA.SCI","..","..",".."
"Madagascar","MDG","PISA: Mean performance on the science scale. Female","LO.PISA.SCI.FE","..","..",".."
"Madagascar","MDG","PISA: Mean performance on the science scale. Male","LO.PISA.SCI.MA","..","..",".."
"Malawi","MWI","PISA: Mean performance on the mathematics scale","LO.PISA.MAT","..","..",".."
"Malawi","MWI","PISA: Mean performance on the mathematics scale. Female","LO.PISA.MAT.FE","..","..",".."
"Malawi","MWI","PISA: Mean performance on the mathematics scale. Male","LO.PISA.MAT.MA","..","..",".."
"Malawi","MWI","PISA: Mean performance on the reading scale","LO.PISA.REA","..","..",".."
"Malawi","MWI","PISA: Mean performance on the reading scale. Female","LO.PISA.REA.FE","..","..",".."
"Malawi","MWI","PISA: Mean performance on the reading scale. Male","LO.PISA.REA.MA","..","..",".."
"Malawi","MWI","PISA: Mean performance on the science scale","LO.PISA.SCI","..","..",".."
"Malawi","MWI","PISA: Mean performance on the science scale. Female","LO.PISA.SCI.FE","..","..",".."
"Malawi","MWI","PISA: Mean performance on the science scale. Male","LO.PISA.SCI.MA","..","..",".."
"Malaysia","MYS","PISA: Mean performance on the mathematics scale","LO.PISA.MAT","..","..","446.1098"
"Malaysia","MYS","PISA: Mean performance on the mathematics scale. Female","LO.PISA.MAT.FE","..","..","449.197338200099"
"Malaysia","MYS","PISA: Mean performance on the mathematics scale. Male","LO.PISA.MAT.MA","..","..","442.672517584198"
"Malaysia","MYS","PISA: Mean performance on the reading scale","LO.PISA.REA","..","..","430.5782"
"Malaysia","MYS","PISA: Mean performance on the reading scale. Female","LO.PISA.REA.FE","..","..","445.356703175277"
"Malaysia","MYS","PISA: Mean performance on the reading scale. Male","LO.PISA.REA.MA","..","..","414.125865882839"
"Malaysia","MYS","PISA: Mean performance on the science scale","LO.PISA.SCI","..","..","442.9475"
"Malaysia","MYS","PISA: Mean performance on the science scale. Female","LO.PISA.SCI.FE","..","..","444.730830799301"
"Malaysia","MYS","PISA: Mean performance on the science scale. Male","LO.PISA.SCI.MA","..","..","440.962232694106"
"Mali","MLI","PISA: Mean performance on the mathematics scale","LO.PISA.MAT","..","..",".."
"Mali","MLI","PISA: Mean performance on the mathematics scale. Female","LO.PISA.MAT.FE","..","..",".."
"Mali","MLI","PISA: Mean performance on the mathematics scale. Male","LO.PISA.MAT.MA","..","..",".."
"Mali","MLI","PISA: Mean performance on the reading scale","LO.PISA.REA","..","..",".."
"Mali","MLI","PISA: Mean performance on the reading scale. Female","LO.PISA.REA.FE","..","..",".."
"Mali","MLI","PISA: Mean performance on the reading scale. Male","LO.PISA.REA.MA","..","..",".."
"Mali","MLI","PISA: Mean performance on the science scale","LO.PISA.SCI","..","..",".."
"Mali","MLI","PISA: Mean performance on the science scale. Female","LO.PISA.SCI.FE","..","..",".."
"Mali","MLI","PISA: Mean performance on the science scale. Male","LO.PISA.SCI.MA","..","..",".."
"Malta","MLT","PISA: Mean performance on the mathematics scale","LO.PISA.MAT","..","..","478.6448"
"Malta","MLT","PISA: Mean performance on the mathematics scale. Female","LO.PISA.MAT.FE","..","..","480.6730973825"
"Malta","MLT","PISA: Mean performance on the mathematics scale. Male","LO.PISA.MAT.MA","..","..","476.676731080829"
"Malta","MLT","PISA: Mean performance on the reading scale","LO.PISA.REA","..","..","446.6661"
"Malta","MLT","PISA: Mean performance on the reading scale. Female","LO.PISA.REA.FE","..","..","468.058100732441"
"Malta","MLT","PISA: Mean performance on the reading scale. Male","LO.PISA.REA.MA","..","..","425.910059437943"
"Malta","MLT","PISA: Mean performance on the science scale","LO.PISA.SCI","..","..","464.7819"
"Malta","MLT","PISA: Mean performance on the science scale. Female","LO.PISA.SCI.FE","..","..","470.213694816188"
"Malta","MLT","PISA: Mean performance on the science scale. Male","LO.PISA.SCI.MA","..","..","459.511651280368"
"Mauritius","MUS","PISA: Mean performance on the mathematics scale","LO.PISA.MAT","..","..",".."
"Mauritius","MUS","PISA: Mean performance on the mathematics scale. Female","LO.PISA.MAT.FE","..","..",".."
"Mauritius","MUS","PISA: Mean performance on the mathematics scale. Male","LO.PISA.MAT.MA","..","..",".."
"Mauritius","MUS","PISA: Mean performance on the reading scale","LO.PISA.REA","..","..",".."
"Mauritius","MUS","PISA: Mean performance on the reading scale. Female","LO.PISA.REA.FE","..","..",".."
"Mauritius","MUS","PISA: Mean performance on the reading scale. Male","LO.PISA.REA.MA","..","..",".."
"Mauritius","MUS","PISA: Mean performance on the science scale","LO.PISA.SCI","..","..",".."
"Mauritius","MUS","PISA: Mean performance on the science scale. Female","LO.PISA.SCI.FE","..","..",".."
"Mauritius","MUS","PISA: Mean performance on the science scale. Male","LO.PISA.SCI.MA","..","..",".."
"Mexico","MEX","PISA: Mean performance on the mathematics scale","LO.PISA.MAT","..","..","408.0235"
"Mexico","MEX","PISA: Mean performance on the mathematics scale. Female","LO.PISA.MAT.FE","..","..","404.334869430919"
"Mexico","MEX","PISA: Mean performance on the mathematics scale. Male","LO.PISA.MAT.MA","..","..","411.610512686015"
"Mexico","MEX","PISA: Mean performance on the reading scale","LO.PISA.REA","..","..","423.2765"
"Mexico","MEX","PISA: Mean performance on the reading scale. Female","LO.PISA.REA.FE","..","..","431.232214218716"
"Mexico","MEX","PISA: Mean performance on the reading scale. Male","LO.PISA.REA.MA","..","..","415.539824738972"
"Mexico","MEX","PISA: Mean performance on the science scale","LO.PISA.SCI","..","..","415.7099"
"Mexico","MEX","PISA: Mean performance on the science scale. Female","LO.PISA.SCI.FE","..","..","411.553579647457"
"Mexico","MEX","PISA: Mean performance on the science scale. Male","LO.PISA.SCI.MA","..","..","419.751733613811"
"Moldova","MDA","PISA: Mean performance on the mathematics scale","LO.PISA.MAT","..","..","419.6635"
"Moldova","MDA","PISA: Mean performance on the mathematics scale. Female","LO.PISA.MAT.FE","..","..","420.607736903888"
"Moldova","MDA","PISA: Mean performance on the mathematics scale. Male","LO.PISA.MAT.MA","..","..","418.727256116506"
"Moldova","MDA","PISA: Mean performance on the reading scale","LO.PISA.REA","..","..","416.2293"
"Moldova","MDA","PISA: Mean performance on the reading scale. Female","LO.PISA.REA.FE","..","..","442.185002049614"
"Moldova","MDA","PISA: Mean performance on the reading scale. Male","LO.PISA.REA.MA","..","..","390.49216793878"
"Moldova","MDA","PISA: Mean performance on the science scale","LO.PISA.SCI","..","..","427.9978"
"Moldova","MDA","PISA: Mean performance on the science scale. Female","LO.PISA.SCI.FE","..","..","431.418595430921"
"Moldova","MDA","PISA: Mean performance on the science scale. Male","LO.PISA.SCI.MA","..","..","424.605828515597"
"Mongolia","MNG","PISA: Mean performance on the mathematics scale","LO.PISA.MAT","..","..",".."
"Mongolia","MNG","PISA: Mean performance on the mathematics scale. Female","LO.PISA.MAT.FE","..","..",".."
"Mongolia","MNG","PISA: Mean performance on the mathematics scale. Male","LO.PISA.MAT.MA","..","..",".."
"Mongolia","MNG","PISA: Mean performance on the reading scale","LO.PISA.REA","..","..",".."
"Mongolia","MNG","PISA: Mean performance on the reading scale. Female","LO.PISA.REA.FE","..","..",".."
"Mongolia","MNG","PISA: Mean performance on the reading scale. Male","LO.PISA.REA.MA","..","..",".."
"Mongolia","MNG","PISA: Mean performance on the science scale","LO.PISA.SCI","..","..",".."
"Mongolia","MNG","PISA: Mean performance on the science scale. Female","LO.PISA.SCI.FE","..","..",".."
"Mongolia","MNG","PISA: Mean performance on the science scale. Male","LO.PISA.SCI.MA","..","..",".."
"Montenegro","MNE","PISA: Mean performance on the mathematics scale","LO.PISA.MAT","..","..","417.9341"
"Montenegro","MNE","PISA: Mean performance on the mathematics scale. Female","LO.PISA.MAT.FE","..","..","417.726535066997"
"Montenegro","MNE","PISA: Mean performance on the mathematics scale. Male","LO.PISA.MAT.MA","..","..","418.132588594089"
"Montenegro","MNE","PISA: Mean performance on the reading scale","LO.PISA.REA","..","..","426.8845"
"Montenegro","MNE","PISA: Mean performance on the reading scale. Female","LO.PISA.REA.FE","..","..","444.179088041031"
"Montenegro","MNE","PISA: Mean performance on the reading scale. Male","LO.PISA.REA.MA","..","..","410.350380375567"
"Montenegro","MNE","PISA: Mean performance on the science scale","LO.PISA.SCI","..","..","411.3136"
"Montenegro","MNE","PISA: Mean performance on the science scale. Female","LO.PISA.SCI.FE","..","..","413.813416760387"
"Montenegro","MNE","PISA: Mean performance on the science scale. Male","LO.PISA.SCI.MA","..","..","408.923805629949"
"Morocco","MAR","PISA: Mean performance on the mathematics scale","LO.PISA.MAT","..","..",".."
"Morocco","MAR","PISA: Mean performance on the mathematics scale. Female","LO.PISA.MAT.FE","..","..",".."
"Morocco","MAR","PISA: Mean performance on the mathematics scale. Male","LO.PISA.MAT.MA","..","..",".."
"Morocco","MAR","PISA: Mean performance on the reading scale","LO.PISA.REA","..","..",".."
"Morocco","MAR","PISA: Mean performance on the reading scale. Female","LO.PISA.REA.FE","..","..",".."
"Morocco","MAR","PISA: Mean performance on the reading scale. Male","LO.PISA.REA.MA","..","..",".."
"Morocco","MAR","PISA: Mean performance on the science scale","LO.PISA.SCI","..","..",".."
"Morocco","MAR","PISA: Mean performance on the science scale. Female","LO.PISA.SCI.FE","..","..",".."
"Morocco","MAR","PISA: Mean performance on the science scale. Male","LO.PISA.SCI.MA","..","..",".."
"Mozambique","MOZ","PISA: Mean performance on the mathematics scale","LO.PISA.MAT","..","..",".."
"Mozambique","MOZ","PISA: Mean performance on the mathematics scale. Female","LO.PISA.MAT.FE","..","..",".."
"Mozambique","MOZ","PISA: Mean performance on the mathematics scale. Male","LO.PISA.MAT.MA","..","..",".."
"Mozambique","MOZ","PISA: Mean performance on the reading scale","LO.PISA.REA","..","..",".."
"Mozambique","MOZ","PISA: Mean performance on the reading scale. Female","LO.PISA.REA.FE","..","..",".."
"Mozambique","MOZ","PISA: Mean performance on the reading scale. Male","LO.PISA.REA.MA","..","..",".."
"Mozambique","MOZ","PISA: Mean performance on the science scale","LO.PISA.SCI","..","..",".."
"Mozambique","MOZ","PISA: Mean performance on the science scale. Female","LO.PISA.SCI.FE","..","..",".."
"Mozambique","MOZ","PISA: Mean performance on the science scale. Male","LO.PISA.SCI.MA","..","..",".."
"Namibia","NAM","PISA: Mean performance on the mathematics scale","LO.PISA.MAT","..","..",".."
"Namibia","NAM","PISA: Mean performance on the mathematics scale. Female","LO.PISA.MAT.FE","..","..",".."
"Namibia","NAM","PISA: Mean performance on the mathematics scale. Male","LO.PISA.MAT.MA","..","..",".."
"Namibia","NAM","PISA: Mean performance on the reading scale","LO.PISA.REA","..","..",".."
"Namibia","NAM","PISA: Mean performance on the reading scale. Female","LO.PISA.REA.FE","..","..",".."
"Namibia","NAM","PISA: Mean performance on the reading scale. Male","LO.PISA.REA.MA","..","..",".."
"Namibia","NAM","PISA: Mean performance on the science scale","LO.PISA.SCI","..","..",".."
"Namibia","NAM","PISA: Mean performance on the science scale. Female","LO.PISA.SCI.FE","..","..",".."
"Namibia","NAM","PISA: Mean performance on the science scale. Male","LO.PISA.SCI.MA","..","..",".."
"Netherlands","NLD","PISA: Mean performance on the mathematics scale","LO.PISA.MAT","..","..","512.2528"
"Netherlands","NLD","PISA: Mean performance on the mathematics scale. Female","LO.PISA.MAT.FE","..","..","511.015940665795"
"Netherlands","NLD","PISA: Mean performance on the mathematics scale. Male","LO.PISA.MAT.MA","..","..","513.497846671012"
"Netherlands","NLD","PISA: Mean performance on the reading scale","LO.PISA.REA","..","..","502.9591"
"Netherlands","NLD","PISA: Mean performance on the reading scale. Female","LO.PISA.REA.FE","..","..","514.703455614347"
"Netherlands","NLD","PISA: Mean performance on the reading scale. Male","LO.PISA.REA.MA","..","..","491.136710586278"
"Netherlands","NLD","PISA: Mean performance on the science scale","LO.PISA.SCI","..","..","508.5748"
"Netherlands","NLD","PISA: Mean performance on the science scale. Female","LO.PISA.SCI.FE","..","..","506.518091311161"
"Netherlands","NLD","PISA: Mean performance on the science scale. Male","LO.PISA.SCI.MA","..","..","510.645169219143"
"New Zealand","NZL","PISA: Mean performance on the mathematics scale","LO.PISA.MAT","..","..","495.2233"
"New Zealand","NZL","PISA: Mean performance on the mathematics scale. Female","LO.PISA.MAT.FE","..","..","490.921905838845"
"New Zealand","NZL","PISA: Mean performance on the mathematics scale. Male","LO.PISA.MAT.MA","..","..","499.470547225891"
"New Zealand","NZL","PISA: Mean performance on the reading scale","LO.PISA.REA","..","..","509.2707"
"New Zealand","NZL","PISA: Mean performance on the reading scale. Female","LO.PISA.REA.FE","..","..","525.519854165388"
"New Zealand","NZL","PISA: Mean performance on the reading scale. Male","LO.PISA.REA.MA","..","..","493.225789101341"
"New Zealand","NZL","PISA: Mean performance on the science scale","LO.PISA.SCI","..","..","513.3035"
"New Zealand","NZL","PISA: Mean performance on the science scale. Female","LO.PISA.SCI.FE","..","..","510.725026839071"
"New Zealand","NZL","PISA: Mean performance on the science scale. Male","LO.PISA.SCI.MA","..","..","515.849591116306"
"Nicaragua","NIC","PISA: Mean performance on the mathematics scale","LO.PISA.MAT","..","..",".."
"Nicaragua","NIC","PISA: Mean performance on the mathematics scale. Female","LO.PISA.MAT.FE","..","..",".."
"Nicaragua","NIC","PISA: Mean performance on the mathematics scale. Male","LO.PISA.MAT.MA","..","..",".."
"Nicaragua","NIC","PISA: Mean performance on the reading scale","LO.PISA.REA","..","..",".."
"Nicaragua","NIC","PISA: Mean performance on the reading scale. Female","LO.PISA.REA.FE","..","..",".."
"Nicaragua","NIC","PISA: Mean performance on the reading scale. Male","LO.PISA.REA.MA","..","..",".."
"Nicaragua","NIC","PISA: Mean performance on the science scale","LO.PISA.SCI","..","..",".."
"Nicaragua","NIC","PISA: Mean performance on the science scale. Female","LO.PISA.SCI.FE","..","..",".."
"Nicaragua","NIC","PISA: Mean performance on the science scale. Male","LO.PISA.SCI.MA","..","..",".."
"Niger","NER","PISA: Mean performance on the mathematics scale","LO.PISA.MAT","..","..",".."
"Niger","NER","PISA: Mean performance on the mathematics scale. Female","LO.PISA.MAT.FE","..","..",".."
"Niger","NER","PISA: Mean performance on the mathematics scale. Male","LO.PISA.MAT.MA","..","..",".."
"Niger","NER","PISA: Mean performance on the reading scale","LO.PISA.REA","..","..",".."
"Niger","NER","PISA: Mean performance on the reading scale. Female","LO.PISA.REA.FE","..","..",".."
"Niger","NER","PISA: Mean performance on the reading scale. Male","LO.PISA.REA.MA","..","..",".."
"Niger","NER","PISA: Mean performance on the science scale","LO.PISA.SCI","..","..",".."
"Niger","NER","PISA: Mean performance on the science scale. Female","LO.PISA.SCI.FE","..","..",".."
"Niger","NER","PISA: Mean performance on the science scale. Male","LO.PISA.SCI.MA","..","..",".."
"Norway","NOR","PISA: Mean performance on the mathematics scale","LO.PISA.MAT","..","..","501.7298"
"Norway","NOR","PISA: Mean performance on the mathematics scale. Female","LO.PISA.MAT.FE","..","..","502.873655337995"
"Norway","NOR","PISA: Mean performance on the mathematics scale. Male","LO.PISA.MAT.MA","..","..","500.614926379873"
"Norway","NOR","PISA: Mean performance on the reading scale","LO.PISA.REA","..","..","513.1912"
"Norway","NOR","PISA: Mean performance on the reading scale. Female","LO.PISA.REA.FE","..","..","533.355999285262"
"Norway","NOR","PISA: Mean performance on the reading scale. Male","LO.PISA.REA.MA","..","..","493.536736235094"
"Norway","NOR","PISA: Mean performance on the science scale","LO.PISA.SCI","..","..","498.4811"
"Norway","NOR","PISA: Mean performance on the science scale. Female","LO.PISA.SCI.FE","..","..","497.00138008956"
"Norway","NOR","PISA: Mean performance on the science scale. Male","LO.PISA.SCI.MA","..","..","499.923385409992"
"Oman","OMN","PISA: Mean performance on the mathematics scale","LO.PISA.MAT","..","..",".."
"Oman","OMN","PISA: Mean performance on the mathematics scale. Female","LO.PISA.MAT.FE","..","..",".."
"Oman","OMN","PISA: Mean performance on the mathematics scale. Male","LO.PISA.MAT.MA","..","..",".."
"Oman","OMN","PISA: Mean performance on the reading scale","LO.PISA.REA","..","..",".."
"Oman","OMN","PISA: Mean performance on the reading scale. Female","LO.PISA.REA.FE","..","..",".."
"Oman","OMN","PISA: Mean performance on the reading scale. Male","LO.PISA.REA.MA","..","..",".."
"Oman","OMN","PISA: Mean performance on the science scale","LO.PISA.SCI","..","..",".."
"Oman","OMN","PISA: Mean performance on the science scale. Female","LO.PISA.SCI.FE","..","..",".."
"Oman","OMN","PISA: Mean performance on the science scale. Male","LO.PISA.SCI.MA","..","..",".."
"Panama","PAN","PISA: Mean performance on the mathematics scale","LO.PISA.MAT","..","..",".."
"Panama","PAN","PISA: Mean performance on the mathematics scale. Female","LO.PISA.MAT.FE","..","..",".."
"Panama","PAN","PISA: Mean performance on the mathematics scale. Male","LO.PISA.MAT.MA","..","..",".."
"Panama","PAN","PISA: Mean performance on the reading scale","LO.PISA.REA","..","..",".."
"Panama","PAN","PISA: Mean performance on the reading scale. Female","LO.PISA.REA.FE","..","..",".."
"Panama","PAN","PISA: Mean performance on the reading scale. Male","LO.PISA.REA.MA","..","..",".."
"Panama","PAN","PISA: Mean performance on the science scale","LO.PISA.SCI","..","..",".."
"Panama","PAN","PISA: Mean performance on the science scale. Female","LO.PISA.SCI.FE","..","..",".."
"Panama","PAN","PISA: Mean performance on the science scale. Male","LO.PISA.SCI.MA","..","..",".."
"Paraguay","PRY","PISA: Mean performance on the mathematics scale","LO.PISA.MAT","..","..",".."
"Paraguay","PRY","PISA: Mean performance on the mathematics scale. Female","LO.PISA.MAT.FE","..","..",".."
"Paraguay","PRY","PISA: Mean performance on the mathematics scale. Male","LO.PISA.MAT.MA","..","..",".."
"Paraguay","PRY","PISA: Mean performance on the reading scale","LO.PISA.REA","..","..",".."
"Paraguay","PRY","PISA: Mean performance on the reading scale. Female","LO.PISA.REA.FE","..","..",".."
"Paraguay","PRY","PISA: Mean performance on the reading scale. Male","LO.PISA.REA.MA","..","..",".."
"Paraguay","PRY","PISA: Mean performance on the science scale","LO.PISA.SCI","..","..",".."
"Paraguay","PRY","PISA: Mean performance on the science scale. Female","LO.PISA.SCI.FE","..","..",".."
"Paraguay","PRY","PISA: Mean performance on the science scale. Male","LO.PISA.SCI.MA","..","..",".."
"Peru","PER","PISA: Mean performance on the mathematics scale","LO.PISA.MAT","..","..","386.5606"
"Peru","PER","PISA: Mean performance on the mathematics scale. Female","LO.PISA.MAT.FE","..","..","381.79715645039"
"Peru","PER","PISA: Mean performance on the mathematics scale. Male","LO.PISA.MAT.MA","..","..","391.278591104649"
"Peru","PER","PISA: Mean performance on the reading scale","LO.PISA.REA","..","..","397.5414"
"Peru","PER","PISA: Mean performance on the reading scale. Female","LO.PISA.REA.FE","..","..","401.424690050047"
"Peru","PER","PISA: Mean performance on the reading scale. Male","LO.PISA.REA.MA","..","..","393.695225017837"
"Peru","PER","PISA: Mean performance on the science scale","LO.PISA.SCI","..","..","396.6836"
"Peru","PER","PISA: Mean performance on the science scale. Female","LO.PISA.SCI.FE","..","..","391.680958629118"
"Peru","PER","PISA: Mean performance on the science scale. Male","LO.PISA.SCI.MA","..","..","401.638627955373"
"Philippines","PHL","PISA: Mean performance on the mathematics scale","LO.PISA.MAT","..","..",".."
"Philippines","PHL","PISA: Mean performance on the mathematics scale. Female","LO.PISA.MAT.FE","..","..",".."
"Philippines","PHL","PISA: Mean performance on the mathematics scale. Male","LO.PISA.MAT.MA","..","..",".."
"Philippines","PHL","PISA: Mean performance on the reading scale","LO.PISA.REA","..","..",".."
"Philippines","PHL","PISA: Mean performance on the reading scale. Female","LO.PISA.REA.FE","..","..",".."
"Philippines","PHL","PISA: Mean performance on the reading scale. Male","LO.PISA.REA.MA","..","..",".."
"Philippines","PHL","PISA: Mean performance on the science scale","LO.PISA.SCI","..","..",".."
"Philippines","PHL","PISA: Mean performance on the science scale. Female","LO.PISA.SCI.FE","..","..",".."
"Philippines","PHL","PISA: Mean performance on the science scale. Male","LO.PISA.SCI.MA","..","..",".."
"Poland","POL","PISA: Mean performance on the mathematics scale","LO.PISA.MAT","..","..","504.4693"
"Poland","POL","PISA: Mean performance on the mathematics scale. Female","LO.PISA.MAT.FE","..","..","498.646656536176"
"Poland","POL","PISA: Mean performance on the mathematics scale. Male","LO.PISA.MAT.MA","..","..","510.08769551295"
"Poland","POL","PISA: Mean performance on the reading scale","LO.PISA.REA","..","..","505.6971"
"Poland","POL","PISA: Mean performance on the reading scale. Female","LO.PISA.REA.FE","..","..","520.674640159029"
"Poland","POL","PISA: Mean performance on the reading scale. Male","LO.PISA.REA.MA","..","..","491.244641733596"
"Poland","POL","PISA: Mean performance on the science scale","LO.PISA.SCI","..","..","501.4353"
"Poland","POL","PISA: Mean performance on the science scale. Female","LO.PISA.SCI.FE","..","..","498.303236150559"
"Poland","POL","PISA: Mean performance on the science scale. Male","LO.PISA.SCI.MA","..","..","504.457610681258"
"Portugal","PRT","PISA: Mean performance on the mathematics scale","LO.PISA.MAT","..","..","491.627"
"Portugal","PRT","PISA: Mean performance on the mathematics scale. Female","LO.PISA.MAT.FE","..","..","486.599738480922"
"Portugal","PRT","PISA: Mean performance on the mathematics scale. Male","LO.PISA.MAT.MA","..","..","496.56057503748"
"Portugal","PRT","PISA: Mean performance on the reading scale","LO.PISA.REA","..","..","498.1289"
"Portugal","PRT","PISA: Mean performance on the reading scale. Female","LO.PISA.REA.FE","..","..","506.551766809183"
"Portugal","PRT","PISA: Mean performance on the reading scale. Male","LO.PISA.REA.MA","..","..","489.862896645796"
"Portugal","PRT","PISA: Mean performance on the science scale","LO.PISA.SCI","..","..","501.1001"
"Portugal","PRT","PISA: Mean performance on the science scale. Female","LO.PISA.SCI.FE","..","..","496.055220946278"
"Portugal","PRT","PISA: Mean performance on the science scale. Male","LO.PISA.SCI.MA","..","..","506.050953575695"
"Qatar","QAT","PISA: Mean performance on the mathematics scale","LO.PISA.MAT","..","..","402.4007"
"Qatar","QAT","PISA: Mean performance on the mathematics scale. Female","LO.PISA.MAT.FE","..","..","408.321438455476"
"Qatar","QAT","PISA: Mean performance on the mathematics scale. Male","LO.PISA.MAT.MA","..","..","396.754739232869"
"Qatar","QAT","PISA: Mean performance on the reading scale","LO.PISA.REA","..","..","401.8874"
"Qatar","QAT","PISA: Mean performance on the reading scale. Female","LO.PISA.REA.FE","..","..","428.954625568984"
"Qatar","QAT","PISA: Mean performance on the reading scale. Male","LO.PISA.REA.MA","..","..","376.076608592594"
"Qatar","QAT","PISA: Mean performance on the science scale","LO.PISA.SCI","..","..","417.6112"
"Qatar","QAT","PISA: Mean performance on the science scale. Female","LO.PISA.SCI.FE","..","..","429.447877843602"
"Qatar","QAT","PISA: Mean performance on the science scale. Male","LO.PISA.SCI.MA","..","..","406.323921926084"
"Russian Federation","RUS","PISA: Mean performance on the mathematics scale","LO.PISA.MAT","..","..","494.06"
"Russian Federation","RUS","PISA: Mean performance on the mathematics scale. Female","LO.PISA.MAT.FE","..","..","491.121915022505"
"Russian Federation","RUS","PISA: Mean performance on the mathematics scale. Male","LO.PISA.MAT.MA","..","..","497.089109932956"
"Russian Federation","RUS","PISA: Mean performance on the reading scale","LO.PISA.REA","..","..","494.6278"
"Russian Federation","RUS","PISA: Mean performance on the reading scale. Female","LO.PISA.REA.FE","..","..","507.483307009467"
"Russian Federation","RUS","PISA: Mean performance on the reading scale. Male","LO.PISA.REA.MA","..","..","481.374349953428"
"Russian Federation","RUS","PISA: Mean performance on the science scale","LO.PISA.SCI","..","..","486.631"
"Russian Federation","RUS","PISA: Mean performance on the science scale. Female","LO.PISA.SCI.FE","..","..","484.514284311084"
"Russian Federation","RUS","PISA: Mean performance on the science scale. Male","LO.PISA.SCI.MA","..","..","488.813332768564"
"Rwanda","RWA","PISA: Mean performance on the mathematics scale","LO.PISA.MAT","..","..",".."
"Rwanda","RWA","PISA: Mean performance on the mathematics scale. Female","LO.PISA.MAT.FE","..","..",".."
"Rwanda","RWA","PISA: Mean performance on the mathematics scale. Male","LO.PISA.MAT.MA","..","..",".."
"Rwanda","RWA","PISA: Mean performance on the reading scale","LO.PISA.REA","..","..",".."
"Rwanda","RWA","PISA: Mean performance on the reading scale. Female","LO.PISA.REA.FE","..","..",".."
"Rwanda","RWA","PISA: Mean performance on the reading scale. Male","LO.PISA.REA.MA","..","..",".."
"Rwanda","RWA","PISA: Mean performance on the science scale","LO.PISA.SCI","..","..",".."
"Rwanda","RWA","PISA: Mean performance on the science scale. Female","LO.PISA.SCI.FE","..","..",".."
"Rwanda","RWA","PISA: Mean performance on the science scale. Male","LO.PISA.SCI.MA","..","..",".."
"Saudi Arabia","SAU","PISA: Mean performance on the mathematics scale","LO.PISA.MAT","..","..",".."
"Saudi Arabia","SAU","PISA: Mean performance on the mathematics scale. Female","LO.PISA.MAT.FE","..","..",".."
"Saudi Arabia","SAU","PISA: Mean performance on the mathematics scale. Male","LO.PISA.MAT.MA","..","..",".."
"Saudi Arabia","SAU","PISA: Mean performance on the reading scale","LO.PISA.REA","..","..",".."
"Saudi Arabia","SAU","PISA: Mean performance on the reading scale. Female","LO.PISA.REA.FE","..","..",".."
"Saudi Arabia","SAU","PISA: Mean performance on the reading scale. Male","LO.PISA.REA.MA","..","..",".."
"Saudi Arabia","SAU","PISA: Mean performance on the science scale","LO.PISA.SCI","..","..",".."
"Saudi Arabia","SAU","PISA: Mean performance on the science scale. Female","LO.PISA.SCI.FE","..","..",".."
"Saudi Arabia","SAU","PISA: Mean performance on the science scale. Male","LO.PISA.SCI.MA","..","..",".."
"Senegal","SEN","PISA: Mean performance on the mathematics scale","LO.PISA.MAT","..","..",".."
"Senegal","SEN","PISA: Mean performance on the mathematics scale. Female","LO.PISA.MAT.FE","..","..",".."
"Senegal","SEN","PISA: Mean performance on the mathematics scale. Male","LO.PISA.MAT.MA","..","..",".."
"Senegal","SEN","PISA: Mean performance on the reading scale","LO.PISA.REA","..","..",".."
"Senegal","SEN","PISA: Mean performance on the reading scale. Female","LO.PISA.REA.FE","..","..",".."
"Senegal","SEN","PISA: Mean performance on the reading scale. Male","LO.PISA.REA.MA","..","..",".."
"Senegal","SEN","PISA: Mean performance on the science scale","LO.PISA.SCI","..","..",".."
"Senegal","SEN","PISA: Mean performance on the science scale. Female","LO.PISA.SCI.FE","..","..",".."
"Senegal","SEN","PISA: Mean performance on the science scale. Male","LO.PISA.SCI.MA","..","..",".."
"Serbia","SRB","PISA: Mean performance on the mathematics scale","LO.PISA.MAT","..","..",".."
"Serbia","SRB","PISA: Mean performance on the mathematics scale. Female","LO.PISA.MAT.FE","..","..",".."
"Serbia","SRB","PISA: Mean performance on the mathematics scale. Male","LO.PISA.MAT.MA","..","..",".."
"Serbia","SRB","PISA: Mean performance on the reading scale","LO.PISA.REA","..","..",".."
"Serbia","SRB","PISA: Mean performance on the reading scale. Female","LO.PISA.REA.FE","..","..",".."
"Serbia","SRB","PISA: Mean performance on the reading scale. Male","LO.PISA.REA.MA","..","..",".."
"Serbia","SRB","PISA: Mean performance on the science scale","LO.PISA.SCI","..","..",".."
"Serbia","SRB","PISA: Mean performance on the science scale. Female","LO.PISA.SCI.FE","..","..",".."
"Serbia","SRB","PISA: Mean performance on the science scale. Male","LO.PISA.SCI.MA","..","..",".."
"Seychelles","SYC","PISA: Mean performance on the mathematics scale","LO.PISA.MAT","..","..",".."
"Seychelles","SYC","PISA: Mean performance on the mathematics scale. Female","LO.PISA.MAT.FE","..","..",".."
"Seychelles","SYC","PISA: Mean performance on the mathematics scale. Male","LO.PISA.MAT.MA","..","..",".."
"Seychelles","SYC","PISA: Mean performance on the reading scale","LO.PISA.REA","..","..",".."
"Seychelles","SYC","PISA: Mean performance on the reading scale. Female","LO.PISA.REA.FE","..","..",".."
"Seychelles","SYC","PISA: Mean performance on the reading scale. Male","LO.PISA.REA.MA","..","..",".."
"Seychelles","SYC","PISA: Mean performance on the science scale","LO.PISA.SCI","..","..",".."
"Seychelles","SYC","PISA: Mean performance on the science scale. Female","LO.PISA.SCI.FE","..","..",".."
"Seychelles","SYC","PISA: Mean performance on the science scale. Male","LO.PISA.SCI.MA","..","..",".."
"Singapore","SGP","PISA: Mean performance on the mathematics scale","LO.PISA.MAT","..","..","564.1897"
"Singapore","SGP","PISA: Mean performance on the mathematics scale. Female","LO.PISA.MAT.FE","..","..","564.254533844227"
"Singapore","SGP","PISA: Mean performance on the mathematics scale. Male","LO.PISA.MAT.MA","..","..","564.12900352855"
"Singapore","SGP","PISA: Mean performance on the reading scale","LO.PISA.REA","..","..","535.1002"
"Singapore","SGP","PISA: Mean performance on the reading scale. Female","LO.PISA.REA.FE","..","..","545.558478749209"
"Singapore","SGP","PISA: Mean performance on the reading scale. Male","LO.PISA.REA.MA","..","..","525.315266235515"
"Singapore","SGP","PISA: Mean performance on the science scale","LO.PISA.SCI","..","..","555.5747"
"Singapore","SGP","PISA: Mean performance on the science scale. Female","LO.PISA.SCI.FE","..","..","552.273030959773"
"Singapore","SGP","PISA: Mean performance on the science scale. Male","LO.PISA.SCI.MA","..","..","558.663734448526"
"Slovak Republic","SVK","PISA: Mean performance on the mathematics scale","LO.PISA.MAT","..","..","475.2301"
"Slovak Republic","SVK","PISA: Mean performance on the mathematics scale. Female","LO.PISA.MAT.FE","..","..","472.270798163389"
"Slovak Republic","SVK","PISA: Mean performance on the mathematics scale. Male","LO.PISA.MAT.MA","..","..","478.014761598022"
"Slovak Republic","SVK","PISA: Mean performance on the reading scale","LO.PISA.REA","..","..","452.5143"
"Slovak Republic","SVK","PISA: Mean performance on the reading scale. Female","LO.PISA.REA.FE","..","..","470.862720645183"
"Slovak Republic","SVK","PISA: Mean performance on the reading scale. Male","LO.PISA.REA.MA","..","..","435.248823507754"
"Slovak Republic","SVK","PISA: Mean performance on the science scale","LO.PISA.SCI","..","..","460.7749"
"Slovak Republic","SVK","PISA: Mean performance on the science scale. Female","LO.PISA.SCI.FE","..","..","461.215261661926"
"Slovak Republic","SVK","PISA: Mean performance on the science scale. Male","LO.PISA.SCI.MA","..","..","460.360440863492"
"Slovenia","SVN","PISA: Mean performance on the mathematics scale","LO.PISA.MAT","..","..","509.9196"
"Slovenia","SVN","PISA: Mean performance on the mathematics scale. Female","LO.PISA.MAT.FE","..","..","507.949222593392"
"Slovenia","SVN","PISA: Mean performance on the mathematics scale. Male","LO.PISA.MAT.MA","..","..","511.76372811557"
"Slovenia","SVN","PISA: Mean performance on the reading scale","LO.PISA.REA","..","..","505.2159"
"Slovenia","SVN","PISA: Mean performance on the reading scale. Female","LO.PISA.REA.FE","..","..","527.553869336165"
"Slovenia","SVN","PISA: Mean performance on the reading scale. Male","LO.PISA.REA.MA","..","..","484.309852913956"
"Slovenia","SVN","PISA: Mean performance on the science scale","LO.PISA.SCI","..","..","512.8636"
"Slovenia","SVN","PISA: Mean performance on the science scale. Female","LO.PISA.SCI.FE","..","..","515.773578967069"
"Slovenia","SVN","PISA: Mean performance on the science scale. Male","LO.PISA.SCI.MA","..","..","510.140120319922"
"South Africa","ZAF","PISA: Mean performance on the mathematics scale","LO.PISA.MAT","..","..",".."
"South Africa","ZAF","PISA: Mean performance on the mathematics scale. Female","LO.PISA.MAT.FE","..","..",".."
"South Africa","ZAF","PISA: Mean performance on the mathematics scale. Male","LO.PISA.MAT.MA","..","..",".."
"South Africa","ZAF","PISA: Mean performance on the reading scale","LO.PISA.REA","..","..",".."
"South Africa","ZAF","PISA: Mean performance on the reading scale. Female","LO.PISA.REA.FE","..","..",".."
"South Africa","ZAF","PISA: Mean performance on the reading scale. Male","LO.PISA.REA.MA","..","..",".."
"South Africa","ZAF","PISA: Mean performance on the science scale","LO.PISA.SCI","..","..",".."
"South Africa","ZAF","PISA: Mean performance on the science scale. Female","LO.PISA.SCI.FE","..","..",".."
"South Africa","ZAF","PISA: Mean performance on the science scale. Male","LO.PISA.SCI.MA","..","..",".."
"Spain","ESP","PISA: Mean performance on the mathematics scale","LO.PISA.MAT","..","..","485.8432"
"Spain","ESP","PISA: Mean performance on the mathematics scale. Female","LO.PISA.MAT.FE","..","..","477.859261015243"
"Spain","ESP","PISA: Mean performance on the mathematics scale. Male","LO.PISA.MAT.MA","..","..","493.848504341015"
"Spain","ESP","PISA: Mean performance on the reading scale","LO.PISA.REA","..","..","495.5764"
"Spain","ESP","PISA: Mean performance on the reading scale. Female","LO.PISA.REA.FE","..","..","505.684719938288"
"Spain","ESP","PISA: Mean performance on the reading scale. Male","LO.PISA.REA.MA","..","..","485.441144637477"
"Spain","ESP","PISA: Mean performance on the science scale","LO.PISA.SCI","..","..","492.7861"
"Spain","ESP","PISA: Mean performance on the science scale. Female","LO.PISA.SCI.FE","..","..","489.456045535693"
"Spain","ESP","PISA: Mean performance on the science scale. Male","LO.PISA.SCI.MA","..","..","496.125123827087"
"Swaziland","SWZ","PISA: Mean performance on the mathematics scale","LO.PISA.MAT","..","..",".."
"Swaziland","SWZ","PISA: Mean performance on the mathematics scale. Female","LO.PISA.MAT.FE","..","..",".."
"Swaziland","SWZ","PISA: Mean performance on the mathematics scale. Male","LO.PISA.MAT.MA","..","..",".."
"Swaziland","SWZ","PISA: Mean performance on the reading scale","LO.PISA.REA","..","..",".."
"Swaziland","SWZ","PISA: Mean performance on the reading scale. Female","LO.PISA.REA.FE","..","..",".."
"Swaziland","SWZ","PISA: Mean performance on the reading scale. Male","LO.PISA.REA.MA","..","..",".."
"Swaziland","SWZ","PISA: Mean performance on the science scale","LO.PISA.SCI","..","..",".."
"Swaziland","SWZ","PISA: Mean performance on the science scale. Female","LO.PISA.SCI.FE","..","..",".."
"Swaziland","SWZ","PISA: Mean performance on the science scale. Male","LO.PISA.SCI.MA","..","..",".."
"Sweden","SWE","PISA: Mean performance on the mathematics scale","LO.PISA.MAT","..","..","493.9181"
"Sweden","SWE","PISA: Mean performance on the mathematics scale. Female","LO.PISA.MAT.FE","..","..","495.052562332737"
"Sweden","SWE","PISA: Mean performance on the mathematics scale. Male","LO.PISA.MAT.MA","..","..","492.80413535346"
"Sweden","SWE","PISA: Mean performance on the reading scale","LO.PISA.REA","..","..","500.1556"
"Sweden","SWE","PISA: Mean performance on the reading scale. Female","LO.PISA.REA.FE","..","..","519.949814630651"
"Sweden","SWE","PISA: Mean performance on the reading scale. Male","LO.PISA.REA.MA","..","..","480.718278439593"
"Sweden","SWE","PISA: Mean performance on the science scale","LO.PISA.SCI","..","..","493.4224"
"Sweden","SWE","PISA: Mean performance on the science scale. Female","LO.PISA.SCI.FE","..","..","495.718306801969"
"Sweden","SWE","PISA: Mean performance on the science scale. Male","LO.PISA.SCI.MA","..","..","491.167800429639"
"Switzerland","CHE","PISA: Mean performance on the mathematics scale","LO.PISA.MAT","..","..","521.2506"
"Switzerland","CHE","PISA: Mean performance on the mathematics scale. Female","LO.PISA.MAT.FE","..","..","514.983162112857"
"Switzerland","CHE","PISA: Mean performance on the mathematics scale. Male","LO.PISA.MAT.MA","..","..","527.015533306697"
"Switzerland","CHE","PISA: Mean performance on the reading scale","LO.PISA.REA","..","..","492.1982"
"Switzerland","CHE","PISA: Mean performance on the reading scale. Female","LO.PISA.REA.FE","..","..","505.373159854273"
"Switzerland","CHE","PISA: Mean performance on the reading scale. Male","LO.PISA.REA.MA","..","..","480.079524321581"
"Switzerland","CHE","PISA: Mean performance on the science scale","LO.PISA.SCI","..","..","505.5058"
"Switzerland","CHE","PISA: Mean performance on the science scale. Female","LO.PISA.SCI.FE","..","..","502.305933175849"
"Switzerland","CHE","PISA: Mean performance on the science scale. Male","LO.PISA.SCI.MA","..","..","508.449164862464"
"Syrian Arab Republic","SYR","PISA: Mean performance on the mathematics scale","LO.PISA.MAT","..","..",".."
"Syrian Arab Republic","SYR","PISA: Mean performance on the mathematics scale. Female","LO.PISA.MAT.FE","..","..",".."
"Syrian Arab Republic","SYR","PISA: Mean performance on the mathematics scale. Male","LO.PISA.MAT.MA","..","..",".."
"Syrian Arab Republic","SYR","PISA: Mean performance on the reading scale","LO.PISA.REA","..","..",".."
"Syrian Arab Republic","SYR","PISA: Mean performance on the reading scale. Female","LO.PISA.REA.FE","..","..",".."
"Syrian Arab Republic","SYR","PISA: Mean performance on the reading scale. Male","LO.PISA.REA.MA","..","..",".."
"Syrian Arab Republic","SYR","PISA: Mean performance on the science scale","LO.PISA.SCI","..","..",".."
"Syrian Arab Republic","SYR","PISA: Mean performance on the science scale. Female","LO.PISA.SCI.FE","..","..",".."
"Syrian Arab Republic","SYR","PISA: Mean performance on the science scale. Male","LO.PISA.SCI.MA","..","..",".."
"Tanzania","TZA","PISA: Mean performance on the mathematics scale","LO.PISA.MAT","..","..",".."
"Tanzania","TZA","PISA: Mean performance on the mathematics scale. Female","LO.PISA.MAT.FE","..","..",".."
"Tanzania","TZA","PISA: Mean performance on the mathematics scale. Male","LO.PISA.MAT.MA","..","..",".."
"Tanzania","TZA","PISA: Mean performance on the reading scale","LO.PISA.REA","..","..",".."
"Tanzania","TZA","PISA: Mean performance on the reading scale. Female","LO.PISA.REA.FE","..","..",".."
"Tanzania","TZA","PISA: Mean performance on the reading scale. Male","LO.PISA.REA.MA","..","..",".."
"Tanzania","TZA","PISA: Mean performance on the science scale","LO.PISA.SCI","..","..",".."
"Tanzania","TZA","PISA: Mean performance on the science scale. Female","LO.PISA.SCI.FE","..","..",".."
"Tanzania","TZA","PISA: Mean performance on the science scale. Male","LO.PISA.SCI.MA","..","..",".."
"Thailand","THA","PISA: Mean performance on the mathematics scale","LO.PISA.MAT","..","..","415.4638"
"Thailand","THA","PISA: Mean performance on the mathematics scale. Female","LO.PISA.MAT.FE","..","..","416.729664887234"
"Thailand","THA","PISA: Mean performance on the mathematics scale. Male","LO.PISA.MAT.MA","..","..","413.809195503635"
"Thailand","THA","PISA: Mean performance on the reading scale","LO.PISA.REA","..","..","409.1301"
"Thailand","THA","PISA: Mean performance on the reading scale. Female","LO.PISA.REA.FE","..","..","422.553259828534"
"Thailand","THA","PISA: Mean performance on the reading scale. Male","LO.PISA.REA.MA","..","..","391.584783981752"
"Thailand","THA","PISA: Mean performance on the science scale","LO.PISA.SCI","..","..","421.3373"
"Thailand","THA","PISA: Mean performance on the science scale. Female","LO.PISA.SCI.FE","..","..","425.251798596389"
"Thailand","THA","PISA: Mean performance on the science scale. Male","LO.PISA.SCI.MA","..","..","416.220737640945"
"Togo","TGO","PISA: Mean performance on the mathematics scale","LO.PISA.MAT","..","..",".."
"Togo","TGO","PISA: Mean performance on the mathematics scale. Female","LO.PISA.MAT.FE","..","..",".."
"Togo","TGO","PISA: Mean performance on the mathematics scale. Male","LO.PISA.MAT.MA","..","..",".."
"Togo","TGO","PISA: Mean performance on the reading scale","LO.PISA.REA","..","..",".."
"Togo","TGO","PISA: Mean performance on the reading scale. Female","LO.PISA.REA.FE","..","..",".."
"Togo","TGO","PISA: Mean performance on the reading scale. Male","LO.PISA.REA.MA","..","..",".."
"Togo","TGO","PISA: Mean performance on the science scale","LO.PISA.SCI","..","..",".."
"Togo","TGO","PISA: Mean performance on the science scale. Female","LO.PISA.SCI.FE","..","..",".."
"Togo","TGO","PISA: Mean performance on the science scale. Male","LO.PISA.SCI.MA","..","..",".."
"Trinidad and Tobago","TTO","PISA: Mean performance on the mathematics scale","LO.PISA.MAT","..","..","417.2434"
"Trinidad and Tobago","TTO","PISA: Mean performance on the mathematics scale. Female","LO.PISA.MAT.FE","..","..","425.934147829184"
"Trinidad and Tobago","TTO","PISA: Mean performance on the mathematics scale. Male","LO.PISA.MAT.MA","..","..","408.329783425403"
"Trinidad and Tobago","TTO","PISA: Mean performance on the reading scale","LO.PISA.REA","..","..","427.2733"
"Trinidad and Tobago","TTO","PISA: Mean performance on the reading scale. Female","LO.PISA.REA.FE","..","..","452.441166353584"
"Trinidad and Tobago","TTO","PISA: Mean performance on the reading scale. Male","LO.PISA.REA.MA","..","..","401.459938944018"
"Trinidad and Tobago","TTO","PISA: Mean performance on the science scale","LO.PISA.SCI","..","..","424.5905"
"Trinidad and Tobago","TTO","PISA: Mean performance on the science scale. Female","LO.PISA.SCI.FE","..","..","434.707516535031"
"Trinidad and Tobago","TTO","PISA: Mean performance on the science scale. Male","LO.PISA.SCI.MA","..","..","414.213954639183"
"Tunisia","TUN","PISA: Mean performance on the mathematics scale","LO.PISA.MAT","..","..","366.818"
"Tunisia","TUN","PISA: Mean performance on the mathematics scale. Female","LO.PISA.MAT.FE","..","..","363.999628408535"
"Tunisia","TUN","PISA: Mean performance on the mathematics scale. Male","LO.PISA.MAT.MA","..","..","370.0814344612"
"Tunisia","TUN","PISA: Mean performance on the reading scale","LO.PISA.REA","..","..","361.0555"
"Tunisia","TUN","PISA: Mean performance on the reading scale. Female","LO.PISA.REA.FE","..","..","372.672552034704"
"Tunisia","TUN","PISA: Mean performance on the reading scale. Male","LO.PISA.REA.MA","..","..","347.603830618383"
"Tunisia","TUN","PISA: Mean performance on the science scale","LO.PISA.SCI","..","..","386.4034"
"Tunisia","TUN","PISA: Mean performance on the science scale. Female","LO.PISA.SCI.FE","..","..","384.615157906957"
"Tunisia","TUN","PISA: Mean performance on the science scale. Male","LO.PISA.SCI.MA","..","..","388.473980027075"
"Turkey","TUR","PISA: Mean performance on the mathematics scale","LO.PISA.MAT","..","..","420.454"
"Turkey","TUR","PISA: Mean performance on the mathematics scale. Female","LO.PISA.MAT.FE","..","..","417.527011144285"
"Turkey","TUR","PISA: Mean performance on the mathematics scale. Male","LO.PISA.MAT.MA","..","..","423.37769307719"
"Turkey","TUR","PISA: Mean performance on the reading scale","LO.PISA.REA","..","..","428.3351"
"Turkey","TUR","PISA: Mean performance on the reading scale. Female","LO.PISA.REA.FE","..","..","442.246080560628"
"Turkey","TUR","PISA: Mean performance on the reading scale. Male","LO.PISA.REA.MA","..","..","414.439583503249"
"Turkey","TUR","PISA: Mean performance on the science scale","LO.PISA.SCI","..","..","425.4895"
"Turkey","TUR","PISA: Mean performance on the science scale. Female","LO.PISA.SCI.FE","..","..","428.654773670857"
"Turkey","TUR","PISA: Mean performance on the science scale. Male","LO.PISA.SCI.MA","..","..","422.327767020889"
"Uganda","UGA","PISA: Mean performance on the mathematics scale","LO.PISA.MAT","..","..",".."
"Uganda","UGA","PISA: Mean performance on the mathematics scale. Female","LO.PISA.MAT.FE","..","..",".."
"Uganda","UGA","PISA: Mean performance on the mathematics scale. Male","LO.PISA.MAT.MA","..","..",".."
"Uganda","UGA","PISA: Mean performance on the reading scale","LO.PISA.REA","..","..",".."
"Uganda","UGA","PISA: Mean performance on the reading scale. Female","LO.PISA.REA.FE","..","..",".."
"Uganda","UGA","PISA: Mean performance on the reading scale. Male","LO.PISA.REA.MA","..","..",".."
"Uganda","UGA","PISA: Mean performance on the science scale","LO.PISA.SCI","..","..",".."
"Uganda","UGA","PISA: Mean performance on the science scale. Female","LO.PISA.SCI.FE","..","..",".."
"Uganda","UGA","PISA: Mean performance on the science scale. Male","LO.PISA.SCI.MA","..","..",".."
"Ukraine","UKR","PISA: Mean performance on the mathematics scale","LO.PISA.MAT","..","..",".."
"Ukraine","UKR","PISA: Mean performance on the mathematics scale. Female","LO.PISA.MAT.FE","..","..",".."
"Ukraine","UKR","PISA: Mean performance on the mathematics scale. Male","LO.PISA.MAT.MA","..","..",".."
"Ukraine","UKR","PISA: Mean performance on the reading scale","LO.PISA.REA","..","..",".."
"Ukraine","UKR","PISA: Mean performance on the reading scale. Female","LO.PISA.REA.FE","..","..",".."
"Ukraine","UKR","PISA: Mean performance on the reading scale. Male","LO.PISA.REA.MA","..","..",".."
"Ukraine","UKR","PISA: Mean performance on the science scale","LO.PISA.SCI","..","..",".."
"Ukraine","UKR","PISA: Mean performance on the science scale. Female","LO.PISA.SCI.FE","..","..",".."
"Ukraine","UKR","PISA: Mean performance on the science scale. Male","LO.PISA.SCI.MA","..","..",".."
"United Arab Emirates","ARE","PISA: Mean performance on the mathematics scale","LO.PISA.MAT","..","..","427.4827"
"United Arab Emirates","ARE","PISA: Mean performance on the mathematics scale. Female","LO.PISA.MAT.FE","..","..","430.702032682431"
"United Arab Emirates","ARE","PISA: Mean performance on the mathematics scale. Male","LO.PISA.MAT.MA","..","..","424.173382856058"
"United Arab Emirates","ARE","PISA: Mean performance on the reading scale","LO.PISA.REA","..","..","433.5423"
"United Arab Emirates","ARE","PISA: Mean performance on the reading scale. Female","LO.PISA.REA.FE","..","..","458.287028520134"
"United Arab Emirates","ARE","PISA: Mean performance on the reading scale. Male","LO.PISA.REA.MA","..","..","408.105324556759"
"United Arab Emirates","ARE","PISA: Mean performance on the science scale","LO.PISA.SCI","..","..","436.7311"
"United Arab Emirates","ARE","PISA: Mean performance on the science scale. Female","LO.PISA.SCI.FE","..","..","449.33855778045"
"United Arab Emirates","ARE","PISA: Mean performance on the science scale. Male","LO.PISA.SCI.MA","..","..","423.771046052474"
"United Kingdom","GBR","PISA: Mean performance on the mathematics scale","LO.PISA.MAT","..","..","492.4785"
"United Kingdom","GBR","PISA: Mean performance on the mathematics scale. Female","LO.PISA.MAT.FE","..","..","486.574589726446"
"United Kingdom","GBR","PISA: Mean performance on the mathematics scale. Male","LO.PISA.MAT.MA","..","..","498.200533314383"
"United Kingdom","GBR","PISA: Mean performance on the reading scale","LO.PISA.REA","..","..","497.9719"
"United Kingdom","GBR","PISA: Mean performance on the reading scale. Female","LO.PISA.REA.FE","..","..","509.09039183937"
"United Kingdom","GBR","PISA: Mean performance on the reading scale. Male","LO.PISA.REA.MA","..","..","487.19610772612"
"United Kingdom","GBR","PISA: Mean performance on the science scale","LO.PISA.SCI","..","..","509.2215"
"United Kingdom","GBR","PISA: Mean performance on the science scale. Female","LO.PISA.SCI.FE","..","..","508.840926270908"
"United Kingdom","GBR","PISA: Mean performance on the science scale. Male","LO.PISA.SCI.MA","..","..","509.59035376805"
"United States","USA","PISA: Mean performance on the mathematics scale","LO.PISA.MAT","..","..","469.6285"
"United States","USA","PISA: Mean performance on the mathematics scale. Female","LO.PISA.MAT.FE","..","..","465.368528751623"
"United States","USA","PISA: Mean performance on the mathematics scale. Male","LO.PISA.MAT.MA","..","..","473.885733595673"
"United States","USA","PISA: Mean performance on the reading scale","LO.PISA.REA","..","..","496.9351"
"United States","USA","PISA: Mean performance on the reading scale. Female","LO.PISA.REA.FE","..","..","506.975196611877"
"United States","USA","PISA: Mean performance on the reading scale. Male","LO.PISA.REA.MA","..","..","486.90141162662"
"United States","USA","PISA: Mean performance on the science scale","LO.PISA.SCI","..","..","496.2424"
"United States","USA","PISA: Mean performance on the science scale. Female","LO.PISA.SCI.FE","..","..","492.865072383569"
"United States","USA","PISA: Mean performance on the science scale. Male","LO.PISA.SCI.MA","..","..","499.617638667116"
"Uruguay","URY","PISA: Mean performance on the mathematics scale","LO.PISA.MAT","..","..","417.9919"
"Uruguay","URY","PISA: Mean performance on the mathematics scale. Female","LO.PISA.MAT.FE","..","..","411.50235791659"
"Uruguay","URY","PISA: Mean performance on the mathematics scale. Male","LO.PISA.MAT.MA","..","..","425.137936626561"
"Uruguay","URY","PISA: Mean performance on the reading scale","LO.PISA.REA","..","..","436.5721"
"Uruguay","URY","PISA: Mean performance on the reading scale. Female","LO.PISA.REA.FE","..","..","447.719604067348"
"Uruguay","URY","PISA: Mean performance on the reading scale. Male","LO.PISA.REA.MA","..","..","424.296889214077"
"Uruguay","URY","PISA: Mean performance on the science scale","LO.PISA.SCI","..","..","435.363"
"Uruguay","URY","PISA: Mean performance on the science scale. Female","LO.PISA.SCI.FE","..","..","431.307662704891"
"Uruguay","URY","PISA: Mean performance on the science scale. Male","LO.PISA.SCI.MA","..","..","439.828512435105"
"Venezuela, RB","VEN","PISA: Mean performance on the mathematics scale","LO.PISA.MAT","..","..",".."
"Venezuela, RB","VEN","PISA: Mean performance on the mathematics scale. Female","LO.PISA.MAT.FE","..","..",".."
"Venezuela, RB","VEN","PISA: Mean performance on the mathematics scale. Male","LO.PISA.MAT.MA","..","..",".."
"Venezuela, RB","VEN","PISA: Mean performance on the reading scale","LO.PISA.REA","..","..",".."
"Venezuela, RB","VEN","PISA: Mean performance on the reading scale. Female","LO.PISA.REA.FE","..","..",".."
"Venezuela, RB","VEN","PISA: Mean performance on the reading scale. Male","LO.PISA.REA.MA","..","..",".."
"Venezuela, RB","VEN","PISA: Mean performance on the science scale","LO.PISA.SCI","..","..",".."
"Venezuela, RB","VEN","PISA: Mean performance on the science scale. Female","LO.PISA.SCI.FE","..","..",".."
"Venezuela, RB","VEN","PISA: Mean performance on the science scale. Male","LO.PISA.SCI.MA","..","..",".."
"Vietnam","VNM","PISA: Mean performance on the mathematics scale","LO.PISA.MAT","..","..","494.5183"
"Vietnam","VNM","PISA: Mean performance on the mathematics scale. Female","LO.PISA.MAT.FE","..","..","496.005946782243"
"Vietnam","VNM","PISA: Mean performance on the mathematics scale. Male","LO.PISA.MAT.MA","..","..","492.959137688731"
"Vietnam","VNM","PISA: Mean performance on the reading scale","LO.PISA.REA","..","..","486.7738"
"Vietnam","VNM","PISA: Mean performance on the reading scale. Female","LO.PISA.REA.FE","..","..","499.038588841179"
"Vietnam","VNM","PISA: Mean performance on the reading scale. Male","LO.PISA.REA.MA","..","..","473.919128834918"
"Vietnam","VNM","PISA: Mean performance on the science scale","LO.PISA.SCI","..","..","524.6445"
"Vietnam","VNM","PISA: Mean performance on the science scale. Female","LO.PISA.SCI.FE","..","..","525.913919172001"
"Vietnam","VNM","PISA: Mean performance on the science scale. Male","LO.PISA.SCI.MA","..","..","523.314074699112"
"Yemen, Rep.","YEM","PISA: Mean performance on the mathematics scale","LO.PISA.MAT","..","..",".."
"Yemen, Rep.","YEM","PISA: Mean performance on the mathematics scale. Female","LO.PISA.MAT.FE","..","..",".."
"Yemen, Rep.","YEM","PISA: Mean performance on the mathematics scale. Male","LO.PISA.MAT.MA","..","..",".."
"Yemen, Rep.","YEM","PISA: Mean performance on the reading scale","LO.PISA.REA","..","..",".."
"Yemen, Rep.","YEM","PISA: Mean performance on the reading scale. Female","LO.PISA.REA.FE","..","..",".."
"Yemen, Rep.","YEM","PISA: Mean performance on the reading scale. Male","LO.PISA.REA.MA","..","..",".."
"Yemen, Rep.","YEM","PISA: Mean performance on the science scale","LO.PISA.SCI","..","..",".."
"Yemen, Rep.","YEM","PISA: Mean performance on the science scale. Female","LO.PISA.SCI.FE","..","..",".."
"Yemen, Rep.","YEM","PISA: Mean performance on the science scale. Male","LO.PISA.SCI.MA","..","..",".."
"Zambia","ZMB","PISA: Mean performance on the mathematics scale","LO.PISA.MAT","..","..",".."
"Zambia","ZMB","PISA: Mean performance on the mathematics scale. Female","LO.PISA.MAT.FE","..","..",".."
"Zambia","ZMB","PISA: Mean performance on the mathematics scale. Male","LO.PISA.MAT.MA","..","..",".."
"Zambia","ZMB","PISA: Mean performance on the reading scale","LO.PISA.REA","..","..",".."
"Zambia","ZMB","PISA: Mean performance on the reading scale. Female","LO.PISA.REA.FE","..","..",".."
"Zambia","ZMB","PISA: Mean performance on the reading scale. Male","LO.PISA.REA.MA","..","..",".."
"Zambia","ZMB","PISA: Mean performance on the science scale","LO.PISA.SCI","..","..",".."
"Zambia","ZMB","PISA: Mean performance on the science scale. Female","LO.PISA.SCI.FE","..","..",".."
"Zambia","ZMB","PISA: Mean performance on the science scale. Male","LO.PISA.SCI.MA","..","..",".."
"Zimbabwe","ZWE","PISA: Mean performance on the mathematics scale","LO.PISA.MAT","..","..",".."
"Zimbabwe","ZWE","PISA: Mean performance on the mathematics scale. Female","LO.PISA.MAT.FE","..","..",".."
"Zimbabwe","ZWE","PISA: Mean performance on the mathematics scale. Male","LO.PISA.MAT.MA","..","..",".."
"Zimbabwe","ZWE","PISA: Mean performance on the reading scale","LO.PISA.REA","..","..",".."
"Zimbabwe","ZWE","PISA: Mean performance on the reading scale. Female","LO.PISA.REA.FE","..","..",".."
"Zimbabwe","ZWE","PISA: Mean performance on the reading scale. Male","LO.PISA.REA.MA","..","..",".."
"Zimbabwe","ZWE","PISA: Mean performance on the science scale","LO.PISA.SCI","..","..",".."
"Zimbabwe","ZWE","PISA: Mean performance on the science scale. Female","LO.PISA.SCI.FE","..","..",".."
"Zimbabwe","ZWE","PISA: Mean performance on the science scale. Male","LO.PISA.SCI.MA","..","..",".."
"","","","","","",""
"","","","","","",""
"","","","","","",""
"Data from database: Education Statistics: Learning Outcomes","","","","","",""
"Last Updated: 12/12/2016","","","","","",""
